sha256_sum,path#/home/me/github/dupers/test/bucket1
28da191597291e49fcf044f652766e298cabde725b45ee7e244187206674a203,/VhEJU2uBCAR3
a00eb07ef547e58932fce42e2d6e77bbc09f62aadab0ca342d6506ab89992ad6,/bH5iGZGicT87
3fbcf350ec59cca2009a89fdf47ece60e5d17e260344c33e666a8fd0287c3591,/jg8DYysLsp7A
35e46e371cb3cea1c70553ad507fe66b756dcea1594245f3b70d4afcf236f79c,/randomfiles.zip
c5f338d4057fb107793032de91b264707c3c27bf9970687a78a080a4bf095c26,/12wZkDDR9CQ0
4acc274c2e6dc2241029c735758f672b3dc1109ab76a91fe29aeb2bac6949eb7,/GwejJkMzs3yP
a68a2523af033e06f9233d443a2c8d8e03b583ae5a20c25ab318c37ff02c46e6,/TsNf7Svvynq6
1272405ce53e1fd69c3fc310c156fc0659ed772c46619d83b605389823e10858,/TzgPJuhfPJlg
2e35e896251cde9c8eb77aa45e4d42d4cb96150dfda52c60191616a0da2e60c4,/TjWJqiMQ2fAJ
653546992e44622ac0f7bed55dae704430832b398ea18920e0d9aedce31d6b14,/randomfiles.7z
00ffa73ed1213260e268ee3a5504fae90c93fc8fa6bbad8ec404502d5fcc0240,/randomfiles.7z/randomfiles.tar.xz
fbc428ba7c53784955528978eb43f28f800258fbaa2300403161867a3409fe5e,/CgipdYSA9c9g
366580f29848eb23b1dcf68d7477095b814a805876f07265be87a06b82ca5bc1,/D9fl4ZaiLCny
2e9bca0db532363f478425ac44e43df26c49ad0b2380591dc6276d8c755177c3,/K8Tmk0T5iI7h
f108a439dfadbb44ccdf10a5a8c4772159ee233b70613f491ce4e10469886a01,/KJjPJrch4ByW
c837d26e905fa3cdaf0322ad06220dc9949379a5436d21f2082da4fbc40db123,/mPzd5cu0Gv5j
5641918d3deaa084dd1cbd5bc4064336c567b9454ca9a7f3e8d64c02e5537c60,/oO8Ay0rFVSc8
1a1d76a3187ccee147e6c807277273afbad5d2680f5eadf1012310743e148f22,/0vlLaUEvzAWP
1ee4f8de7a31cc9819ecc5f81d8ce2217b8e20935b4d8d3b04f9c9fca855091b,/94WOnnhgN5r8
44a0a1316aa499e7d1d815b7e87c64cf8823ca2c1a27f38c7af6ddf004b05c20,/JkOVZDHy3Zv9
79e433d9a93440999128c248ce83ae00bf37be69d4f05fcabb535026efcf062a,/OWanpucUtThM
ec96c06213cea798dd3d9f41da095a290a85b533d5ffb87ee6dfe38cc9c272c3,/randomfiles.zip/randomfiles.txt
1bdd103eace1a58d2429d447ac551030a9da424056d2d89a77b1366a04f1f1cc,/3a9dnxgSVEnJ
f26f5e27868a2a1d0a879bea2c9dc5e59a05a7d4486a111ff43d48f7386a6211,/Ce8Sf5QRbZLW
c6d06dfdeb56d4c4d4cf791165aad548f38e68104532d36555c5af117327b0ee,/RSLDQ5FvHvrT
2b29a21fa06a9daca9cde6c3117b8c11391ed3041535ffec8c14acbc0f65474c,/mLPoq5DUo6rm
